Workbook

Sheet INSTRUCTIONS
A1: QUICK START GUIDE | PE80 Gas Network Hydraulic Solver Input Template
A3: STEP 1 MATERIALS (read only)
A4: › | B4: The MATERIALS sheet is pre-filled. Do not modify the PE80 row.
A5: › | B5: If your network has steel segments, update the roughness value for Steel_aged based on pipe condition survey.
A6: › | B6: The ID dimension table (lower half) is for reference all PE80 IDs are auto-calculated in PIPES using OD and SDR.
A8: STEP 2 POPULATE NODES SHEET
A9: › | B9: Add one row per node. Every tee, every PRS, every meter station = one row.
A10: › | B10: Set Node_Type using the dropdown: source / junction / offtake.
A11: › | B11: SOURCE nodes: fill Known_P_kPa_g only (e.g. 4 bar(g) after regulator). Leave Demand blank.
A12: › | B12: OFFTAKE nodes: fill Demand_Sm3h and Diversity_Factor. Leave Known_P blank.
A13: › | B13: JUNCTION nodes: Demand = 0, Known_P blank, DF = 1.0.
A14: › | B14: Eff_Demand (column J) is a formula =G*I do not overwrite it.
A15: › | B15: Fill X_Coord and Y_Coord if you have GIS data used for pressure maps.
A17: STEP 3 POPULATE PIPES SHEET
A18: › | B18: Add one row per pipe segment. A 'segment' = a pipe between two nodes.
A19: › | B19: From_Node and To_Node must exactly match Node_IDs (case-sensitive).
A20: › | B20: Length_m = physical route length, NOT straight-line map distance.
A21: › | B21: OD_mm = outside diameter in mm (standard PE80 sizes: 63, 90, 125, 160, 200, 250 mm).
A22: › | B22: SDR = 11 for this 4 bar(g) PE80 network (use dropdown).
A23: › | B23: ID_mm (column G) and Roughness_mm (column I) are FORMULAS do not overwrite.
A24: › | B24: Columns L, M, N are solver-ready unit conversions do not modify.
A25: › | B25: Set Status = 'closed' for any valve-isolated section to exclude from solve.
A27: STEP 4 RUN VALIDATION SHEET
A28: › | B28: Go to VALIDATION sheet and check all rows show ✓ PASS.
A29: › | B29: The final row (V20) shows the overall result ALL checks must pass before running Python.
A30: › | B30: Fix any ✗ FAIL items before proceeding.
A31: › | B31: Pay attention to V01/V02 node name mismatches are the most common error.
A33: STEP 5 EXPORT TO PYTHON SOLVER
A34: › | B34: The Python solver reads this file with: pd.read_excel('network.xlsx', sheet_name='NODES')
A35: › | B35: And: pd.read_excel('network.xlsx', sheet_name='PIPES')
A36: › | B36: Solver uses columns: Node_ID, Node_Type, Known_P_kPa_g, Eff_Demand_Sm3h, Elevation_m
A37: › | B37: Solver uses columns: Pipe_ID, From_Node, To_Node, Length_m_SI, ID_m_SI, Rough_m_SI, Status
A38: › | B38: Only pipes with Status = 'open' are included in the solve.
A39: › | B39: Converged pressures and flows are written back to a RESULTS sheet automatically.

Sheet NODES
A1: GAS DISTRIBUTION NETWORK NODE TABLE | PE80 · 4 bar(g) · SI Units
A2: Node_ID | B2: Node_Type | C2: Name | D2: Zone | E2: Elevation_m | F2: Known_P_kPa_g | G2: Demand_Sm3h | H2: Demand_Type | I2: Diversity_Factor | J2: Eff_Demand_Sm3h | K2: Min_P_kPa_g | L2: X_Coord | M2: Y_Coord | O2: LEGEND
A3: N001 | B3: source | C3: PRS1 | D3: Zone_A | E3: 0 | F3: 400 | L3: 338450 | M3: 3318200 | O3: Source Node | P3: Fixed pressure boundary Known_P_kPa filled
A4: N002 | B4: junction | C4: TEE1 | D4: Zone_A | E4: 0 | G4: 0 | I4: 1 | J4: =G4*I4 | L4: 338720 | M4: 3318200 | O4: Offtake Node | P4: Known demand Demand_Sm3h + DF filled
A5: N003 | B5: junction | C5: TEE2 | D5: Zone_A | E5: 0 | G5: 0 | I5: 1 | J5: =G5*I5 | L5: 338720 | M5: 3318480 | O5: Junction Node | P5: Zero demand solver computes pressure
A6: N004 | B6: junction | C6: TEE3 | D6: Zone_B | E6: 0 | G6: 0 | I6: 1 | J6: =G6*I6 | L6: 338720 | M6: 3317920 | O6: Known_P cell | P6: Fixed boundary pressure (sources only)
A7: N005 | B7: offtake | C7: Client1 | D7: Zone_A | E7: 0 | G7: 1000 | H7: industrial | I7: 1 | J7: =G7*I7 | K7: 390 | L7: 338980 | M7: 3318580 | O7: Demand cell | P7: Raw peak demand (offtakes only)
A8: N006 | B8: offtake | C8: Client2 | D8: Zone_A | E8: 0 | G8: 750 | H8: industrial | I8: 1 | J8: =G8*I8 | K8: 390 | L8: 338980 | M8: 3318380 | O8: Div. Factor | P8: Simultaneity factor 0–1
A9: N007 | B9: offtake | C9: Client3 | D9: Zone_B | E9: 0 | G9: 500 | H9: industrial | I9: 1 | J9: =G9*I9 | K9: 390 | L9: 338980 | M9: 3317920 | O9: Eff_Demand | P9: Formula = Demand × DF → passed to solver
A10: N008 | B10: offtake | C10: Client4 | D10: Zone_B | E10: 0 | G10: 600 | H10: industrial | I10: 1 | J10: =G10*I10 | K10: 390 | L10: 338980 | M10: 3317780 | O10: ⚠ ERROR | P10: Red = data entry conflict fix before running solver
A11: N009 | B11: source | C11: PRS2 | D11: Zone_B | E11: 0 | F11: 400 | L11: 338200 | M11: 3317600
A12: N010 | B12: offtake | C12: Client5 | D12: Zone_B | E12: 0 | G12: 210 | H12: industrial | I12: 1 | J12: =G12*I12 | K12: 390 | L12: 338980 | M12: 3317620

Sheet PIPES
A1: GAS DISTRIBUTION NETWORK PIPE TABLE | PE80 · 4 bar(g) · SI Units
A2: Pipe_ID | B2: From_Node | C2: To_Node | D2: Length_m | E2: OD_mm | F2: SDR | G2: ID_mm | H2: Material | I2: Roughness_mm | J2: Year_Install | K2: Status | L2: Length_m (Solver) | M2: ID_m (Solver) | N2: Rough_m (Solver) | P2: PE80 SDR → MOP
A3: P001 | B3: N001 | C3: N002 | D3: 850 | E3: 250 | F3: 11 | G3: =E3*(1-2/F3) | H3: PE80 | I3: =IFERROR(VLOOKUP(H3,MATERIALS!$A$3:$B$20,2,0),"⚠ Check material") | J3: 2018 | K3: open | L3: =D3 | M3: =G3/1000 | N3: =I3/1000 | P3: SDR | Q3: MOP (bar) | R3: Notes
A4: P002 | B4: N002 | C4: N003 | D4: 420 | E4: 250 | F4: 11 | G4: =E4*(1-2/F4) | H4: PE80 | I4: =IFERROR(VLOOKUP(H4,MATERIALS!$A$3:$B$20,2,0),"⚠ Check material") | J4: 2018 | K4: open | L4: =D4 | M4: =G4/1000 | N4: =I4/1000 | P4: SDR 11 | Q4: 4 | R4: ★ This network
A5: P003 | B5: N002 | C5: N004 | D5: 380 | E5: 250 | F5: 11 | G5: =E5*(1-2/F5) | H5: PE80 | I5: =IFERROR(VLOOKUP(H5,MATERIALS!$A$3:$B$20,2,0),"⚠ Check material") | J5: 2017 | K5: open | L5: =D5 | M5: =G5/1000 | N5: =I5/1000 | P5: SDR 17 | Q5: 4.0
A6: P004 | B6: N003 | C6: N005 | D6: 400 | E6: 180 | F6: 11 | G6: =E6*(1-2/F6) | H6: PE80 | I6: =IFERROR(VLOOKUP(H6,MATERIALS!$A$3:$B$20,2,0),"⚠ Check material") | J6: 2019 | K6: open | L6: =D6 | M6: =G6/1000 | N6: =I6/1000
A7: P005 | B7: N003 | C7: N006 | D7: 290 | E7: 180 | F7: 11 | G7: =E7*(1-2/F7) | H7: PE80 | I7: =IFERROR(VLOOKUP(H7,MATERIALS!$A$3:$B$20,2,0),"⚠ Check material") | J7: 2019 | K7: open | L7: =D7 | M7: =G7/1000 | N7: =I7/1000
A8: P006 | B8: N004 | C8: N007 | D8: 260 | E8: 110 | F8: 11 | G8: =E8*(1-2/F8) | H8: PE80 | I8: =IFERROR(VLOOKUP(H8,MATERIALS!$A$3:$B$20,2,0),"⚠ Check material") | J8: 2020 | K8: open | L8: =D8 | M8: =G8/1000 | N8: =I8/1000
A9: P007 | B9: N004 | C9: N008 | D9: 440 | E9: 63 | F9: 11 | G9: =E9*(1-2/F9) | H9: PE80 | I9: =IFERROR(VLOOKUP(H9,MATERIALS!$A$3:$B$20,2,0),"⚠ Check material") | J9: 2020 | K9: open | L9: =D9 | M9: =G9/1000 | N9: =I9/1000
A10: P008 | B10: N009 | C10: N004 | D10: 1000 | E10: 250 | F10: 11 | G10: =E10*(1-2/F10) | H10: PE80 | I10: =IFERROR(VLOOKUP(H10,MATERIALS!$A$3:$B$20,2,0),"⚠ Check material") | J10: 2016 | K10: open | L10: =D10 | M10: =G10/1000 | N10: =I10/1000
A11: P009 | B11: N004 | C11: N010 | D11: 457 | E11: 90 | F11: 11 | G11: =E11*(1-2/F11) | H11: PE80 | I11: =IFERROR(VLOOKUP(H11,MATERIALS!$A$3:$B$20,2,0),"⚠ Check material") | J11: 2021 | K11: open | L11: =D11 | M11: =G11/1000 | N11: =I11/1000

Sheet MATERIALS
A1: MATERIAL REFERENCE TABLE | Roughness values for Darcy-Weisbach / Swamee-Jain
A2: Material | B2: Roughness_mm | C2: Roughness_m | D2: MOP_bar | E2: Standard | F2: Notes
A3: PE80 | B3: 0.007 | C3: =B3/1000 | D3: 4 | E3: ISO 4437 / EN 1555 | F3: This network SDR11 @ 4 bar. Smooth bore.
A4: PE100 | B4: 0.007 | C4: =B4/1000 | D4: 10 | E4: ISO 4437 / EN 1555 | F4: Higher MRS, same roughness as PE80
A5: Steel_new | B5: 0.046 | C5: =B5/1000 | D5: 70 | E5: ASME B31.8 | F5: Commercial steel, new condition
A6: Steel_aged | B6: 0.1 | C6: =B6/1000 | D6: 70 | E6: IGEM/TD/3 | F6: Aged steel use after 20+ years service
A7: Steel_coated | B7: 0.02 | C7: =B7/1000 | D7: 70 | E7: ISO 13623 | F7: Internally coated steel transmission
A8: CI | B8: 0.25 | C8: =B8/1000 | D8: 3 | E8: WIS 4-08-03 | F8: Cast iron distribution legacy mains
A9: GI | B9: 0.15 | C9: =B9/1000 | D9: 3 | E9: BS 534 | F9: Galvanised iron
A10: Ductile_CI | B10: 0.05 | C10: =B10/1000 | D10: 10 | E10: EN 545 | F10: Ductile cast iron modern replacement
A12: PE80 PIPE DIMENSIONS OD × SDR → ID (mm)
A13: OD (mm) | B13: SDR 11 ID (mm) | C13: SDR 13.6 ID (mm) | D13: SDR 17 ID (mm) | E13: SDR 21 ID (mm) | F13: SDR 26 ID (mm)
A14: 25 | B14: 20.45 | C14: 21.32 | D14: 22.06 | E14: 22.62 | F14: 23.08
A15: 32 | B15: 26.18 | C15: 27.29 | D15: 28.24 | E15: 28.95 | F15: 29.54
A16: 40 | B16: 32.73 | C16: 34.12 | D16: 35.29 | E16: 36.19 | F16: 36.92
A17: 50 | B17: 40.91 | C17: 42.65 | D17: 44.12 | E17: 45.24 | F17: 46.15
A18: 63 | B18: 51.55 | C18: 53.74 | D18: 55.59 | E18: 57 | F18: 58.15
A19: 90 | B19: 73.64 | C19: 76.76 | D19: 79.41 | E19: 81.43 | F19: 83.08
A20: 110 | B20: 90 | C20: 93.82 | D20: 97.06 | E20: 99.52 | F20: 101.54
A21: 125 | B21: 102.27 | C21: 106.62 | D21: 110.29 | E21: 113.1 | F21: 115.38
A22: 160 | B22: 130.91 | C22: 136.47 | D22: 141.18 | E22: 144.76 | F22: 147.69
A23: 200 | B23: 163.64 | C23: 170.59 | D23: 176.47 | E23: 180.95 | F23: 184.62
A24: 250 | B24: 204.55 | C24: 213.24 | D24: 220.59 | E24: 226.19 | F24: 230.77
A25: 315 | B25: 257.73 | C25: 268.68 | D25: 277.94 | E25: 285 | F25: 290.77

Sheet VALIDATION
A1: NETWORK VALIDATION CHECKS | Run before executing solver | All checks must show ✓ PASS
A2: Check_ID | B2: Description | C2: Formula / Logic | D2: Result | E2: Status | F2: Action if Fail
A3: V01 | B3: All pipe From_Nodes exist in NODES sheet | C3: =COUNTIF(NODES!A:A,PIPES!B3)-1 | D3: =COUNTIF(NODES!A:A,PIPES!B3)-1 | E3: =IF(D3=0,"✓ PASS","✗ FAIL — "&D3&" From_Node(s) not found in NODES") | F3: Check PIPES column B each From_Node must exactly match a Node_ID in NODES
A4: V02 | B4: All pipe To_Nodes exist in NODES sheet | C4: =SUMPRODUCT((COUNTIF(NODES!$A$3:$A$500,PIPES!$C$3:$C$499)>0)*1) | D4: =SUMPRODUCT((COUNTIF(NODES!$A$3:$A$500,PIPES!$C$3:$C$499)>0)*1) | E4: =IF(D5=0,"✓ PASS","✗ FAIL — "&D5&" duplicate Node_ID(s) found") | F4: Check PIPES column C each To_Node must exactly match a Node_ID in NODES
A5: V03 | B5: No duplicate Node_IDs | C5: =SUMPRODUCT((COUNTIF(NODES!$A$3:$A$500,NODES!$A$3:$A$500)>1)*1) | D5: =SUMPRODUCT((COUNTIF(NODES!$A$3:$A$500,NODES!$A$3:$A$500)>1)*1) | E5: =IF(D5=0,"✓ PASS","✗ FAIL") | F5: Duplicate Node_IDs found each node must have a unique ID
A6: V04 | B6: No duplicate Pipe_IDs | C6: =SUMPRODUCT((COUNTIF(PIPES!$A$3:$A$499,PIPES!$A$3:$A$499)>1)*1) | D6: =SUMPRODUCT((COUNTIF(PIPES!$A$3:$A$499,PIPES!$A$3:$A$499)>1)*1) | E6: =IF(D6=0,"✓ PASS","✗ FAIL") | F6: Duplicate Pipe_IDs found each pipe must have a unique ID
A7: V05 | B7: Source nodes have Known_P filled | C7: =COUNTIFS(NODES!$B$3:$B$500,"source",NODES!$F$3:$F$500,"") | D7: =COUNTIFS(NODES!$B$3:$B$500,"source",NODES!$F$3:$F$500,"") | E7: =IF(D7=0,"✓ PASS","✗ FAIL") | F7: Source node(s) missing Known_P fill F column for all source nodes
A8: V06 | B8: Source nodes have no Demand value | C8: =COUNTIFS(NODES!$B$3:$B$500,"source",NODES!$G$3:$G$500,">"&0) | D8: =COUNTIFS(NODES!$B$3:$B$500,"source",NODES!$G$3:$G$500,">"&0) | E8: =IF(D8=0,"✓ PASS","✗ FAIL") | F8: Source node(s) have demand > 0 sources supply gas, they do not consume it
A9: V07 | B9: Offtake nodes have Demand filled | C9: =COUNTIFS(NODES!$B$3:$B$500,"offtake",NODES!$G$3:$G$500,"") | D9: =COUNTIFS(NODES!$B$3:$B$500,"offtake",NODES!$G$3:$G$500,"") | E9: =IF(D9=0,"✓ PASS","✗ FAIL") | F9: Offtake node(s) missing Demand_Sm3h fill G column for all offtakes
A10: V08 | B10: Offtake nodes have no Known_P | C10: =COUNTIFS(NODES!$B$3:$B$500,"offtake",NODES!$F$3:$F$500,">"&0) | D10: =COUNTIFS(NODES!$B$3:$B$500,"offtake",NODES!$F$3:$F$500,">"&0) | E10: =IF(D10=0,"✓ PASS","✗ FAIL") | F10: Offtake node(s) have Known_P filled pressure is unknown for offtakes
A11: V09 | B11: All diversity factors are between 0 and 1 | C11: =SUMPRODUCT((NODES!$I$3:$I$500>1)*1)+SUMPRODUCT((NODES!$I$3:$I$500<0)*(NODES!$I$3:$I$500<>"")) | D11: =SUMPRODUCT((NODES!$I$3:$I$500>1)*1)+SUMPRODUCT((NODES!$I$3:$I$500<0)*(NODES!$I$3:$I$500<>"")) | E11: =IF(D11=0,"✓ PASS","✗ FAIL") | F11: Diversity factor out of range must be 0.0 to 1.0
A12: V10 | B12: All pipe lengths are positive | C12: =COUNTIF(PIPES!$D$3:$D$499,"<="&0) | D12: =COUNTIF(PIPES!$D$3:$D$499,"<="&0) | E12: =IF(D12=0,"✓ PASS","✗ FAIL") | F12: Pipe(s) with zero or negative length check PIPES column D
A13: V11 | B13: All pipe diameters are positive | C13: =COUNTIF(PIPES!$E$3:$E$499,"<="&0) | D13: =COUNTIF(PIPES!$E$3:$E$499,"<="&0) | E13: =IF(D13=0,"✓ PASS","✗ FAIL") | F13: Pipe(s) with zero or negative OD check PIPES column E
A14: V12 | B14: SDR values are valid (11–26 range) | C14: =SUMPRODUCT((PIPES!$F$3:$F$499<11)*(PIPES!$F$3:$F$499<>"")*1)+SUMPRODUCT((PIPES!$F$3:$F$499>26)*(PIPES!$F$3:$F$499<>"")*1) | D14: =SUMPRODUCT((PIPES!$F$3:$F$499<11)*(PIPES!$F$3:$F$499<>"")*1)+SUMPRODUCT((PIPES!$F$3:$F$499>26)*(PIPES!$F$3:$F$499<>"")*1) | E14: =IF(D14=0,"✓ PASS","✗ FAIL") | F14: Invalid SDR value PE80 standard SDRs: 11, 13.6, 17, 21, 26
A15: V13 | B15: No roughness errors in PIPES (VLOOKUP working) | C15: =COUNTIF(PIPES!$I$3:$I$499,"*Check material*") | D15: =COUNTIF(PIPES!$I$3:$I$499,"*Check material*") | E15: =IF(D15=0,"✓ PASS","✗ FAIL") | F15: Material not found in MATERIALS table check spelling in PIPES column H
A16: V14 | B16: At least one source node exists | C16: =COUNTIF(NODES!$B$3:$B$500,"source") | D16: =COUNTIF(NODES!$B$3:$B$500,"source") | E16: =IF(D16>=1,"✓ PASS","✗ FAIL") | F16: No source node defined add at least one PRS or PRV as a source node
A17: V15 | B17: At least one offtake node exists | C17: =COUNTIF(NODES!$B$3:$B$500,"offtake") | D17: =COUNTIF(NODES!$B$3:$B$500,"offtake") | E17: =IF(D17>=1,"✓ PASS","✗ FAIL") | F17: No offtake node defined add customer meter stations as offtake nodes
A18: V16 | B18: Total number of nodes | C18: =COUNTA(NODES!$A$3:$A$500) | D18: =COUNTA(NODES!$A$3:$A$500) | E18: =D18&" nodes" | F18: Information only verify matches your network sketch
A19: V17 | B19: Total number of pipes (open only) | C19: =COUNTIF(PIPES!$K$3:$K$499,"open") | D19: =COUNTIF(PIPES!$K$3:$K$499,"open") | E19: =D19&" open pipes" | F19: Information only closed/throttled pipes excluded from solver
A20: V18 | B20: Total effective demand (Sm³/h) | C20: =SUMIF(NODES!$B$3:$B$500,"offtake",NODES!$J$3:$J$500) | D20: =SUMIF(NODES!$B$3:$B$500,"offtake",NODES!$J$3:$J$500) | E20: =TEXT(D20,"#,##0.0")&" Sm³/h" | F20: Verify this is plausible for your network size and customer mix
A21: V19 | B21: Pipe-to-node ratio (should be ≥ 1 for looped network) | C21: =IFERROR(COUNTIF(PIPES!$K$3:$K$499,"open")/COUNTA(NODES!$A$3:$A$500),0) | D21: =IFERROR(COUNTIF(PIPES!$K$3:$K$499,"open")/COUNTA(NODES!$A$3:$A$500),0) | E21: =IF(D21>=1,"✓ Looped","⚠ Radial only") | F21: Ratio < 1 means purely radial network no redundancy. Add loop pipes if required.
A22: V20 | B22: Overall PASS / FAIL | C22: =COUNTIF(E3:E19,"*FAIL*") | D22: =COUNTIF(E3:E19,"*FAIL*") | E22: =IF(D22=0,"✅ ALL CHECKS PASSED SAFE TO RUN SOLVER","❌ "&D22&" CHECK(S) FAILED FIX BEFORE RUNNING SOLVER") | F22: Fix all FAIL checks before passing data to the Python solver

Sheet RESULTS
A1: PE80 GAS NETWORK — SOLVER RESULTS | CONVERGED | 18 iterations | max|F| = 6.562e-07 Sm³/s
A3: NODE RESULTS
A4: Node_ID | B4: Label | C4: Type | D4: Solved_P [kPa(g)] | E4: Min_P [kPa(g)] | F4: Margin [kPa] | G4: Status
A5: N001 | B5: PRS1 | C5: source | D5: 400 | E5: 0 | F5: 400 | G5: SOURCE (fixed P)
A6: N002 | B6: TEE1 | C6: junction | D6: 399.06 | E6: 0 | F6: 399.06 | G6: [OK] (399.1 kPa margin)
A7: N003 | B7: TEE2 | C7: junction | D7: 398.52 | E7: 0 | F7: 398.52 | G7: [OK] (398.5 kPa margin)
A8: N004 | B8: TEE3 | C8: junction | D8: 399.07 | E8: 0 | F8: 399.07 | G8: [OK] (399.1 kPa margin)
A9: N005 | B9: Client1 | C9: offtake | D9: 397.6 | E9: 390 | F9: 7.6 | G9: [!] LOW MARGIN (7.6 kPa)
A10: N006 | B10: Client2 | C10: offtake | D10: 398.12 | E10: 390 | F10: 8.12 | G10: [!] LOW MARGIN (8.1 kPa)
A11: N007 | B11: Client3 | C11: offtake | D11: 397.23 | E11: 390 | F11: 7.23 | G11: [!] LOW MARGIN (7.2 kPa)
A12: N008 | B12: Client4 | C12: offtake | D12: 327.34 | E12: 390 | F12: -62.66 | G12: [FAIL] BELOW MIN by 62.7 kPa
A13: N009 | B13: PRS2 | C13: source | D13: 400 | E13: 0 | F13: 400 | G13: SOURCE (fixed P)
A14: N010 | B14: Client5 | C14: offtake | D14: 397.3 | E14: 390 | F14: 7.3 | G14: [!] LOW MARGIN (7.3 kPa)
A18: PIPE RESULTS
A19: Pipe_ID | B19: From | C19: To | D19: Q [Sm³/h] | E19: Direction | F19: v [m/s] | G19: Re [-] | H19: f [-] | I19: ΔP [mbar] | J19: Grad [mbar/m] | K19: Loading [%] | L19: Status
A20: P001 | B20: N001 | C20: N002 | D20: 1601.084 | E20: -> | F20: 2.7472 | G20: 190608 | H20: 0.01598 | I20: 9.357 | J20: 0.01101 | K20: 4.36 | L20: [OK]
A21: P002 | B21: N002 | C21: N003 | D21: 1750 | E21: -> | F21: 3.0072 | G21: 208336 | H21: 0.015726 | I21: 5.444 | J21: 0.01296 | K21: 4.77 | L21: [OK]
A22: P003 | B22: N002 | C22: N004 | D22: -148.917 | E22: <- | F22: 0.2558 | G22: 17728 | H22: 0.026695 | I22: -0.061 | J22: 0.00016 | K22: 0.41 | L22: [REV] REVERSED
A23: P004 | B23: N003 | C23: N005 | D23: 1000 | E23: -> | F23: 3.3197 | G23: 165346 | H23: 0.016506 | I23: 9.197 | J23: 0.02299 | K23: 5.26 | L23: [OK]
A24: P005 | B24: N003 | C24: N006 | D24: 750 | E24: -> | F24: 2.4884 | G24: 124010 | H24: 0.01741 | I24: 3.954 | J24: 0.01363 | K24: 3.94 | L24: [OK]
A25: P006 | B25: N004 | C25: N007 | D25: 500 | E25: -> | F25: 4.4437 | G25: 135283 | H25: 0.017334 | I25: 18.41 | J25: 0.07081 | K25: 7.04 | L25: [OK]
A26: P007 | B26: N004 | C26: N008 | D26: 599.998 | E26: -> | F26: 17.4795 | G26: 283450 | H26: 0.015882 | I26: 717.266 | J26: 1.63015 | K26: 26.69 | L26: [!] HIGH GRAD
A27: P008 | B27: N009 | C27: N004 | D27: 1458.916 | E27: -> | F27: 2.5033 | G27: 173683 | H27: 0.016253 | I27: 9.297 | J27: 0.0093 | K27: 3.97 | L27: [OK]
A28: P009 | B28: N004 | C28: N010 | D28: 210 | E28: -> | F28: 2.7878 | G28: 69445 | H28: 0.019766 | I28: 17.752 | J28: 0.03885 | K28: 4.42 | L28: [OK]
A31: MASS BALANCE | E31: Total supply [Sm³/h] | F31: 3060 | G31: Total demand [Sm³/h] | H31: 3060 | I31: Balance [Sm³/h] | J31: 0
